USE FoodWasteManagement;

SET FOREIGN_KEY_CHECKS = 0;
TRUNCATE TABLE Distribution;
TRUNCATE TABLE Pickup;
TRUNCATE TABLE Food_Donation;
TRUNCATE TABLE Volunteer;
TRUNCATE TABLE NGO;
TRUNCATE TABLE Donor;
SET FOREIGN_KEY_CHECKS = 1;

-- 100 DONORS
INSERT INTO Donor (name, contact_no, address) VALUES
('Sharma Caterers', '9000000001', 'Delhi'),
('Gupta Restaurant', '9000000002', 'Noida'),
('City Hotel', '9000000003', 'Gurgaon'),
('Royal Dhaba', '9000000004', 'Patiala'),
('Green Leaf Cafe', '9000000005', 'Chandigarh'),
('Punjab Da Dhaba', '9000000006', 'Ludhiana'),
('Spice Garden', '9000000007', 'Amritsar'),
('Hotel Raj Mahal', '9000000008', 'Jalandhar'),
('Annapurna Kitchen', '9000000009', 'Bathinda'),
('Maharaja Feast', '9000000010', 'Mohali'),
('Bollywood Bites', '9000000011', 'Zirakpur'),
('Delhi Darbar', '9000000012', 'Ambala'),
('Golden Fork', '9000000013', 'Karnal'),
('Taste of India', '9000000014', 'Panipat'),
('Nawab Kitchen', '9000000015', 'Hisar'),
('Sher-e-Punjab', '9000000016', 'Rohtak'),
('Amritsar Express', '9000000017', 'Faridabad'),
('Bikaner Sweets', '9000000018', 'Sonipat'),
('Haldiram Bhandar', '9000000019', 'Meerut'),
('Choudhary Caterers', '9000000020', 'Agra'),
('Hotel Surya', '9000000021', 'Mathura'),
('Patiala Palace', '9000000022', 'Bareilly'),
('Chandigarh Caterers', '9000000023', 'Lucknow'),
('Ludhiana Grand', '9000000024', 'Kanpur'),
('Jalandhar Bistro', '9000000025', 'Varanasi'),
('Bathinda Kitchen', '9000000026', 'Jaipur'),
('Ropar Restaurant', '9000000027', 'Jodhpur'),
('Moga Dhaba', '9000000028', 'Udaipur'),
('Ferozepur Feast', '9000000029', 'Ajmer'),
('Sangrur Sweets', '9000000030', 'Kota'),
('Barnala Caterers', '9000000031', 'Mumbai'),
('Faridkot Hotel', '9000000032', 'Pune'),
('Muktsar Bhojanala', '9000000033', 'Nashik'),
('Fazilka Diner', '9000000034', 'Nagpur'),
('Pathankot Hotel', '9000000035', 'Ahmedabad'),
('Gurdaspur Restaurant', '9000000036', 'Surat'),
('Hoshiarpur Cafe', '9000000037', 'Vadodara'),
('Nawanshahr Caterers', '9000000038', 'Rajkot'),
('Kapurthala Palace', '9000000039', 'Bhopal'),
('Rupnagar Dhaba', '9000000040', 'Indore'),
('Mohali Grand', '9000000041', 'Gwalior'),
('Zirakpur Caterers', '9000000042', 'Jabalpur'),
('Kharar Hotel', '9000000043', 'Raipur'),
('Derabassi Restaurant', '9000000044', 'Kolkata'),
('Morinda Sweets', '9000000045', 'Howrah'),
('Fatehgarh Feast', '9000000046', 'Siliguri'),
('Sirhind Caterers', '9000000047', 'Bhubaneswar'),
('Bassi Hotel', '9000000048', 'Patna'),
('Amloh Dhaba', '9000000049', 'Ranchi'),
('Khanna Grand', '9000000050', 'Jamshedpur'),
('Samrala Kitchen', '9000000051', 'Hyderabad'),
('Raikot Restaurant', '9000000052', 'Warangal'),
('Jagraon Cafe', '9000000053', 'Visakhapatnam'),
('Mansa Caterers', '9000000054', 'Vijayawada'),
('Sunam Hotel', '9000000055', 'Chennai'),
('Malerkotla Feast', '9000000056', 'Coimbatore'),
('Ahmedgarh Sweets', '9000000057', 'Madurai'),
('Dhuri Restaurant', '9000000058', 'Bengaluru'),
('Dirba Dhaba', '9000000059', 'Mysuru'),
('Nabha Grand', '9000000060', 'Mangaluru'),
('Rajpura Caterers', '9000000061', 'Kochi'),
('Morinda Kitchen', '9000000062', 'Thiruvananthapuram'),
('Nalagarh Hotel', '9000000063', 'Dehradun'),
('Baddi Restaurant', '9000000064', 'Haridwar'),
('Parwanoo Feast', '9000000065', 'Rishikesh'),
('Solan Caterers', '9000000066', 'Guwahati'),
('Shimla Grand', '9000000067', 'Shimla'),
('Dharamshala Hotel', '9000000068', 'Dharamshala'),
('Kullu Cafe', '9000000069', 'Jammu'),
('Manali Feast', '9000000070', 'Srinagar'),
('Ambala City Hotel', '9000000071', 'Leh'),
('Panipat Restaurant', '9000000072', 'Gangtok'),
('Karnal Grand', '9000000073', 'Aizawl'),
('Kurukshetra Caterers', '9000000074', 'Kohima'),
('Hisar Feast', '9000000075', 'Imphal'),
('Rohtak Kitchen', '9000000076', 'Agartala'),
('Bhiwani Hotel', '9000000077', 'Shillong'),
('Sirsa Restaurant', '9000000078', 'Bilaspur'),
('Fatehabad Cafe', '9000000079', 'Durgapur'),
('Jind Grand', '9000000080', 'Cuttack'),
('Kaithal Caterers', '9000000081', 'Gaya'),
('Panchkula Hotel', '9000000082', 'Hubli'),
('Yamunanagar Feast', '9000000083', 'Belgaum'),
('Sonipat Restaurant', '9000000084', 'Kozhikode'),
('Rewari Grand', '9000000085', 'Thrissur'),
('Gurgaon Palace', '9000000086', 'Nainital'),
('Faridabad Caterers', '9000000087', 'Mussoorie'),
('Noida Grand', '9000000088', 'Ooty'),
('Delhi Feast Kitchen', '9000000089', 'Kodaikanal'),
('Agra Restaurant', '9000000090', 'Munnar'),
('Mathura Sweets', '9000000091', 'Alleppey'),
('Vrindavan Hotel', '9000000092', 'Pondicherry'),
('Meerut Caterers', '9000000093', 'Vellore'),
('Hapur Grand', '9000000094', 'Salem'),
('Ghaziabad Restaurant', '9000000095', 'Tirunelveli'),
('Modinagar Cafe', '9000000096', 'Madurai'),
('Bulandshahr Feast', '9000000097', 'Tiruppur'),
('Aligarh Hotel', '9000000098', 'Delhi'),
('Hathras Caterers', '9000000099', 'Noida'),
('Firozabad Grand', '9000000100', 'Gurgaon');

-- 100 NGOs (NGOs 61-100 get NO distribution → satisfies Q13)
INSERT INTO NGO (ngo_name, location, contact_no) VALUES
('Helping Hands', 'Ludhiana', '8000000001'),
('Food For All', 'Amritsar', '8000000002'),
('Sewa Trust', 'Jalandhar', '8000000003'),
('Udaan NGO', 'Bathinda', '8000000004'),
('Robin Hood Army', 'Mohali', '8000000005'),
('Roti Bank', 'Zirakpur', '8000000006'),
('No Food Waste', 'Ambala', '8000000007'),
('Anaj Daan', 'Karnal', '8000000008'),
('Bhojan Seva', 'Panipat', '8000000009'),
('Anna Daan Trust', 'Hisar', '8000000010'),
('Feeding India', 'Rohtak', '8000000011'),
('Akshaya Patra', 'Faridabad', '8000000012'),
('Midday Meal Society', 'Sonipat', '8000000013'),
('Goonj', 'Meerut', '8000000014'),
('HelpAge India', 'Agra', '8000000015'),
('CRY India', 'Mathura', '8000000016'),
('Pratham', 'Bareilly', '8000000017'),
('Save The Children', 'Lucknow', '8000000018'),
('World Vision India', 'Kanpur', '8000000019'),
('Caritas India', 'Varanasi', '8000000020'),
('SEEDS India', 'Jaipur', '8000000021'),
('Sammaan Foundation', 'Jodhpur', '8000000022'),
('Salaam Bombay', 'Udaipur', '8000000023'),
('Teach For India', 'Ajmer', '8000000024'),
('Door Step School', 'Kota', '8000000025'),
('Smile Foundation', 'Mumbai', '8000000026'),
('Magic Bus', 'Pune', '8000000027'),
('Apne Aap', 'Nashik', '8000000028'),
('Breakthrough India', 'Nagpur', '8000000029'),
('Jagori', 'Ahmedabad', '8000000030'),
('Sakhi Trust', 'Surat', '8000000031'),
('Swayam', 'Vadodara', '8000000032'),
('Praja Foundation', 'Rajkot', '8000000033'),
('Jan Sahas', 'Bhopal', '8000000034'),
('Ekta Parishad', 'Indore', '8000000035'),
('Yuva Unstoppable', 'Gwalior', '8000000036'),
('United Way India', 'Jabalpur', '8000000037'),
('GiveIndia', 'Raipur', '8000000038'),
('iVolunteer', 'Kolkata', '8000000039'),
('Daan Utsav', 'Howrah', '8000000040'),
('Asha For Education', 'Siliguri', '8000000041'),
('AID India', 'Bhubaneswar', '8000000042'),
('Vidya Foundation', 'Patna', '8000000043'),
('Shiksha Trust', 'Ranchi', '8000000044'),
('Educate Girls', 'Jamshedpur', '8000000045'),
('Room To Read', 'Hyderabad', '8000000046'),
('Pratham Books', 'Warangal', '8000000047'),
('Bal Bhavan', 'Visakhapatnam', '8000000048'),
('Navrachana', 'Vijayawada', '8000000049'),
('Udayan Care', 'Chennai', '8000000050'),
('Nanhi Kali', 'Coimbatore', '8000000051'),
('Meljol', 'Madurai', '8000000052'),
('Ibtada', 'Bengaluru', '8000000053'),
('Drishtee', 'Mysuru', '8000000054'),
('Digital Empowerment Foundation', 'Mangaluru', '8000000055'),
('Society For All', 'Kochi', '8000000056'),
('Lok Jagriti', 'Thiruvananthapuram', '8000000057'),
('Jan Kalyan', 'Dehradun', '8000000058'),
('Gram Vikas', 'Haridwar', '8000000059'),
('Gramin Sewa', 'Rishikesh', '8000000060'),
('BAIF Development', 'Guwahati', '8000000061'),
('WOTR Foundation', 'Shimla', '8000000062'),
('Watershed Organization', 'Dharamshala', '8000000063'),
('Tarun Bharat Sangh', 'Jammu', '8000000064'),
('Water Aid India', 'Srinagar', '8000000065'),
('Arghyam Trust', 'Leh', '8000000066'),
('Sulabh International', 'Gangtok', '8000000067'),
('Paryavaran Mitra', 'Aizawl', '8000000068'),
('Green Thumb Foundation', 'Kohima', '8000000069'),
('Tree Lovers', 'Imphal', '8000000070'),
('Wildlife Trust India', 'Agartala', '8000000071'),
('Bombay Natural History', 'Shillong', '8000000072'),
('WWF India', 'Bilaspur', '8000000073'),
('Greenpeace India', 'Durgapur', '8000000074'),
('CSE India', 'Cuttack', '8000000075'),
('Centre For Science', 'Gaya', '8000000076'),
('TERI Foundation', 'Hubli', '8000000077'),
('Energy Forum India', 'Belgaum', '8000000078'),
('Renewable Watch', 'Kozhikode', '8000000079'),
('Solar Trust India', 'Thrissur', '8000000080'),
('Skill India Mission', 'Nainital', '8000000081'),
('NASSCOM Foundation', 'Mussoorie', '8000000082'),
('Catalysts Social Action', 'Ooty', '8000000083'),
('Villgro Innovations', 'Kodaikanal', '8000000084'),
('Ashoka India', 'Munnar', '8000000085'),
('UnLtd India', 'Alleppey', '8000000086'),
('Social Venture Partners', 'Pondicherry', '8000000087'),
('Impact India Foundation', 'Vellore', '8000000088'),
('Development Alternatives', 'Salem', '8000000089'),
('PRADAN', 'Tirunelveli', '8000000090'),
('SEWA Organization', 'Madurai', '8000000091'),
('Self Employed Women Assoc', 'Tiruppur', '8000000092'),
('Mahila Milan', 'Delhi', '8000000093'),
('National Slum Dwellers', 'Noida', '8000000094'),
('Urban Poor Fund', 'Gurgaon', '8000000095'),
('People For Animals', 'Patiala', '8000000096'),
('Blue Cross India', 'Chandigarh', '8000000097'),
('PETA India', 'Ludhiana', '8000000098'),
('Friendicoes SECA', 'Amritsar', '8000000099'),
('Welfare Animals Trust', 'Jalandhar', '8000000100');

-- 100 VOLUNTEERS (Volunteers 76-100 get NO pickup → satisfies Q12)
INSERT INTO Volunteer (name, contact_no) VALUES
('Amit Kumar', '7000000001'),
('Priya Sharma', '7000000002'),
('Rahul Singh', '7000000003'),
('Sneha Gupta', '7000000004'),
('Karan Verma', '7000000005'),
('Anjali Patel', '7000000006'),
('Vikram Rao', '7000000007'),
('Pooja Mehta', '7000000008'),
('Rohit Joshi', '7000000009'),
('Divya Nair', '7000000010'),
('Sanjay Chopra', '7000000011'),
('Meera Iyer', '7000000012'),
('Arjun Reddy', '7000000013'),
('Kavya Krishnan', '7000000014'),
('Nitin Mishra', '7000000015'),
('Shreya Agarwal', '7000000016'),
('Mohit Yadav', '7000000017'),
('Neha Pandey', '7000000018'),
('Suresh Kumar', '7000000019'),
('Rekha Devi', '7000000020'),
('Deepak Sharma', '7000000021'),
('Anita Singh', '7000000022'),
('Manoj Gupta', '7000000023'),
('Sunita Verma', '7000000024'),
('Rajesh Patel', '7000000025'),
('Geeta Mehta', '7000000026'),
('Vinod Joshi', '7000000027'),
('Usha Nair', '7000000028'),
('Prakash Chopra', '7000000029'),
('Lata Iyer', '7000000030'),
('Arun Reddy', '7000000031'),
('Sita Krishnan', '7000000032'),
('Gopal Mishra', '7000000033'),
('Radha Agarwal', '7000000034'),
('Mahesh Yadav', '7000000035'),
('Kamla Pandey', '7000000036'),
('Dinesh Kumar', '7000000037'),
('Savita Devi', '7000000038'),
('Ramesh Sharma', '7000000039'),
('Durga Singh', '7000000040'),
('Ashok Gupta', '7000000041'),
('Parvati Verma', '7000000042'),
('Mukesh Patel', '7000000043'),
('Sarla Mehta', '7000000044'),
('Naveen Joshi', '7000000045'),
('Meenakshi Nair', '7000000046'),
('Harish Chopra', '7000000047'),
('Sudha Iyer', '7000000048'),
('Rajeev Reddy', '7000000049'),
('Malti Krishnan', '7000000050'),
('Tilak Mishra', '7000000051'),
('Pushpa Agarwal', '7000000052'),
('Umesh Yadav', '7000000053'),
('Shakuntala Pandey', '7000000054'),
('Girish Kumar', '7000000055'),
('Champa Devi', '7000000056'),
('Ganesh Sharma', '7000000057'),
('Rani Singh', '7000000058'),
('Bharat Gupta', '7000000059'),
('Shanti Verma', '7000000060'),
('Shyam Patel', '7000000061'),
('Gita Mehta', '7000000062'),
('Ravi Joshi', '7000000063'),
('Yamuna Nair', '7000000064'),
('Kishore Chopra', '7000000065'),
('Padma Iyer', '7000000066'),
('Balram Reddy', '7000000067'),
('Tulsi Krishnan', '7000000068'),
('Chetan Mishra', '7000000069'),
('Revati Agarwal', '7000000070'),
('Yogesh Yadav', '7000000071'),
('Janaki Pandey', '7000000072'),
('Mohan Kumar', '7000000073'),
('Draupadi Devi', '7000000074'),
('Trilok Sharma', '7000000075'),
('Nirmala Singh', '7000000076'),
('Satish Gupta', '7000000077'),
('Vimla Verma', '7000000078'),
('Naresh Patel', '7000000079'),
('Kamini Mehta', '7000000080'),
('Subhash Joshi', '7000000081'),
('Saroj Nair', '7000000082'),
('Pramod Chopra', '7000000083'),
('Shobha Iyer', '7000000084'),
('Jagdish Reddy', '7000000085'),
('Sulochana Krishnan', '7000000086'),
('Devendra Mishra', '7000000087'),
('Kusum Agarwal', '7000000088'),
('Hemant Yadav', '7000000089'),
('Sudesh Pandey', '7000000090'),
('Prem Kumar', '7000000091'),
('Sarita Devi', '7000000092'),
('Ajay Sharma', '7000000093'),
('Vidya Singh', '7000000094'),
('Sushil Gupta', '7000000095'),
('Manju Verma', '7000000096'),
('Kamal Patel', '7000000097'),
('Asha Mehta', '7000000098'),
('Vinay Joshi', '7000000099'),
('Laxmi Nair', '7000000100');

-- 100 FOOD DONATIONS
-- ALL expiry = DATE_ADD(NOW(), ...) → always future, trigger never blocks
-- donations  1-60  → Distributed after triggers
-- donations 61-75  → Picked after triggers
-- donations 76-80  → Pending, expiring in <24hrs (Q17)
-- donations 81-95  → Pending normal
-- donations 96-100 → Pending, ngo_id=NULL (Q5)
INSERT INTO Food_Donation (donor_id, ngo_id, food_type, quantity, expiry_time, donation_date) VALUES
(1, 1, 'Rice & Dal', 178, DATE_ADD(NOW(), INTERVAL 14 DAY), '2026-01-15'),
(2, 2, 'Chapati & Sabzi', 21, DATE_ADD(NOW(), INTERVAL 54 DAY), '2026-01-15'),
(3, 3, 'Biryani', 85, DATE_ADD(NOW(), INTERVAL 22 DAY), '2026-01-15'),
(4, 4, 'Khichdi', 72, DATE_ADD(NOW(), INTERVAL 15 DAY), '2026-01-15'),
(5, 5, 'Poha & Upma', 203, DATE_ADD(NOW(), INTERVAL 13 DAY), '2026-01-15'),
(6, 6, 'Veg Pulao', 188, DATE_ADD(NOW(), INTERVAL 54 DAY), '2026-01-15'),
(7, 7, 'Rajma Chawal', 243, DATE_ADD(NOW(), INTERVAL 41 DAY), '2026-01-15'),
(8, 8, 'Dal Makhani', 37, DATE_ADD(NOW(), INTERVAL 44 DAY), '2026-01-15'),
(9, 9, 'Chole Bhature', 123, DATE_ADD(NOW(), INTERVAL 9 DAY), '2026-01-15'),
(10, 10, 'Paneer Curry', 22, DATE_ADD(NOW(), INTERVAL 12 DAY), '2026-01-15'),
(11, 11, 'Fruit Salad', 70, DATE_ADD(NOW(), INTERVAL 21 DAY), '2026-01-15'),
(12, 12, 'Bread & Butter', 144, DATE_ADD(NOW(), INTERVAL 45 DAY), '2026-01-15'),
(13, 13, 'Idli & Sambar', 21, DATE_ADD(NOW(), INTERVAL 42 DAY), '2026-01-15'),
(14, 14, 'Dosa & Chutney', 65, DATE_ADD(NOW(), INTERVAL 52 DAY), '2026-01-15'),
(15, 15, 'Pongal', 181, DATE_ADD(NOW(), INTERVAL 51 DAY), '2026-01-15'),
(16, 16, 'Lemon Rice', 154, DATE_ADD(NOW(), INTERVAL 33 DAY), '2026-01-15'),
(17, 17, 'Curd Rice', 71, DATE_ADD(NOW(), INTERVAL 35 DAY), '2026-01-15'),
(18, 18, 'Paratha & Pickle', 165, DATE_ADD(NOW(), INTERVAL 24 DAY), '2026-01-15'),
(19, 19, 'Aloo Sabzi', 222, DATE_ADD(NOW(), INTERVAL 7 DAY), '2026-01-15'),
(20, 20, 'Mixed Veg Curry', 209, DATE_ADD(NOW(), INTERVAL 58 DAY), '2026-01-15'),
(21, 21, 'Kadhi Chawal', 55, DATE_ADD(NOW(), INTERVAL 51 DAY), '2026-02-10'),
(22, 22, 'Methi Thepla', 123, DATE_ADD(NOW(), INTERVAL 28 DAY), '2026-02-10'),
(23, 23, 'Dhokla', 86, DATE_ADD(NOW(), INTERVAL 16 DAY), '2026-02-10'),
(24, 24, 'Poha', 70, DATE_ADD(NOW(), INTERVAL 55 DAY), '2026-02-10'),
(25, 25, 'Upma', 101, DATE_ADD(NOW(), INTERVAL 13 DAY), '2026-02-10'),
(26, 26, 'Puri Bhaji', 38, DATE_ADD(NOW(), INTERVAL 31 DAY), '2026-02-10'),
(27, 27, 'Halwa', 39, DATE_ADD(NOW(), INTERVAL 29 DAY), '2026-02-10'),
(28, 28, 'Kheer', 231, DATE_ADD(NOW(), INTERVAL 29 DAY), '2026-02-10'),
(29, 29, 'Payasam', 169, DATE_ADD(NOW(), INTERVAL 23 DAY), '2026-02-10'),
(30, 30, 'Bisi Bele Bath', 221, DATE_ADD(NOW(), INTERVAL 9 DAY), '2026-02-10'),
(31, 31, 'Ven Pongal', 201, DATE_ADD(NOW(), INTERVAL 36 DAY), '2026-02-10'),
(32, 32, 'Avial', 152, DATE_ADD(NOW(), INTERVAL 14 DAY), '2026-02-10'),
(33, 33, 'Kootu', 111, DATE_ADD(NOW(), INTERVAL 12 DAY), '2026-02-10'),
(34, 34, 'Rasam Rice', 156, DATE_ADD(NOW(), INTERVAL 25 DAY), '2026-02-10'),
(35, 35, 'Egg Curry', 227, DATE_ADD(NOW(), INTERVAL 47 DAY), '2026-02-10'),
(36, 36, 'Chicken Biryani', 173, DATE_ADD(NOW(), INTERVAL 30 DAY), '2026-02-10'),
(37, 37, 'Mutton Korma', 162, DATE_ADD(NOW(), INTERVAL 19 DAY), '2026-02-10'),
(38, 38, 'Fish Curry', 195, DATE_ADD(NOW(), INTERVAL 11 DAY), '2026-02-10'),
(39, 39, 'Paneer Butter Masala', 26, DATE_ADD(NOW(), INTERVAL 49 DAY), '2026-02-10'),
(40, 40, 'Shahi Paneer', 73, DATE_ADD(NOW(), INTERVAL 56 DAY), '2026-02-10'),
(41, 41, 'Malai Kofta', 89, DATE_ADD(NOW(), INTERVAL 12 DAY), '2026-03-20'),
(42, 42, 'Navratan Korma', 233, DATE_ADD(NOW(), INTERVAL 21 DAY), '2026-03-20'),
(43, 43, 'Dal Tadka', 236, DATE_ADD(NOW(), INTERVAL 13 DAY), '2026-03-20'),
(44, 44, 'Yellow Dal', 112, DATE_ADD(NOW(), INTERVAL 24 DAY), '2026-03-20'),
(45, 45, 'Masoor Dal', 131, DATE_ADD(NOW(), INTERVAL 47 DAY), '2026-03-20'),
(46, 46, 'Moong Dal', 228, DATE_ADD(NOW(), INTERVAL 30 DAY), '2026-03-20'),
(47, 47, 'Chana Dal', 56, DATE_ADD(NOW(), INTERVAL 30 DAY), '2026-03-20'),
(48, 48, 'Arhar Dal', 105, DATE_ADD(NOW(), INTERVAL 20 DAY), '2026-03-20'),
(49, 49, 'Sambar Rice', 186, DATE_ADD(NOW(), INTERVAL 24 DAY), '2026-03-20'),
(50, 50, 'Coconut Rice', 194, DATE_ADD(NOW(), INTERVAL 50 DAY), '2026-03-20'),
(51, 51, 'Rice & Dal', 180, DATE_ADD(NOW(), INTERVAL 11 DAY), '2026-03-20'),
(52, 52, 'Chapati & Sabzi', 170, DATE_ADD(NOW(), INTERVAL 47 DAY), '2026-03-20'),
(53, 53, 'Biryani', 58, DATE_ADD(NOW(), INTERVAL 41 DAY), '2026-03-20'),
(54, 54, 'Khichdi', 201, DATE_ADD(NOW(), INTERVAL 22 DAY), '2026-03-20'),
(55, 55, 'Poha & Upma', 56, DATE_ADD(NOW(), INTERVAL 36 DAY), '2026-03-20'),
(56, 56, 'Veg Pulao', 112, DATE_ADD(NOW(), INTERVAL 24 DAY), '2026-03-20'),
(57, 57, 'Rajma Chawal', 178, DATE_ADD(NOW(), INTERVAL 51 DAY), '2026-03-20'),
(58, 58, 'Dal Makhani', 157, DATE_ADD(NOW(), INTERVAL 21 DAY), '2026-03-20'),
(59, 59, 'Chole Bhature', 190, DATE_ADD(NOW(), INTERVAL 27 DAY), '2026-03-20'),
(60, 60, 'Paneer Curry', 230, DATE_ADD(NOW(), INTERVAL 56 DAY), '2026-03-20'),
(61, 1, 'Fruit Salad', 213, DATE_ADD(NOW(), INTERVAL 10 DAY), '2026-04-05'),
(62, 2, 'Bread & Butter', 73, DATE_ADD(NOW(), INTERVAL 59 DAY), '2026-04-05'),
(63, 3, 'Idli & Sambar', 23, DATE_ADD(NOW(), INTERVAL 58 DAY), '2026-04-05'),
(64, 4, 'Dosa & Chutney', 95, DATE_ADD(NOW(), INTERVAL 32 DAY), '2026-04-05'),
(65, 5, 'Pongal', 83, DATE_ADD(NOW(), INTERVAL 11 DAY), '2026-04-05'),
(66, 6, 'Lemon Rice', 69, DATE_ADD(NOW(), INTERVAL 43 DAY), '2026-04-05'),
(67, 7, 'Curd Rice', 239, DATE_ADD(NOW(), INTERVAL 52 DAY), '2026-04-05'),
(68, 8, 'Paratha & Pickle', 95, DATE_ADD(NOW(), INTERVAL 20 DAY), '2026-04-05'),
(69, 9, 'Aloo Sabzi', 182, DATE_ADD(NOW(), INTERVAL 38 DAY), '2026-04-05'),
(70, 10, 'Mixed Veg Curry', 116, DATE_ADD(NOW(), INTERVAL 48 DAY), '2026-04-05'),
(71, 11, 'Kadhi Chawal', 132, DATE_ADD(NOW(), INTERVAL 16 DAY), '2026-04-05'),
(72, 12, 'Methi Thepla', 82, DATE_ADD(NOW(), INTERVAL 15 DAY), '2026-04-05'),
(73, 13, 'Dhokla', 78, DATE_ADD(NOW(), INTERVAL 54 DAY), '2026-04-05'),
(74, 14, 'Poha', 158, DATE_ADD(NOW(), INTERVAL 41 DAY), '2026-04-05'),
(75, 15, 'Upma', 82, DATE_ADD(NOW(), INTERVAL 54 DAY), '2026-04-05'),
(76, 16, 'Puri Bhaji', 164, DATE_ADD(NOW(), INTERVAL 16 HOUR), '2026-04-05'),
(77, 17, 'Halwa', 244, DATE_ADD(NOW(), INTERVAL 15 HOUR), '2026-04-05'),
(78, 18, 'Kheer', 107, DATE_ADD(NOW(), INTERVAL 10 HOUR), '2026-04-05'),
(79, 19, 'Payasam', 50, DATE_ADD(NOW(), INTERVAL 19 HOUR), '2026-04-05'),
(80, 20, 'Bisi Bele Bath', 141, DATE_ADD(NOW(), INTERVAL 5 HOUR), '2026-04-05'),
(81, 21, 'Ven Pongal', 208, DATE_ADD(NOW(), INTERVAL 10 DAY), '2026-05-06'),
(82, 22, 'Avial', 235, DATE_ADD(NOW(), INTERVAL 14 DAY), '2026-05-06'),
(83, 23, 'Kootu', 54, DATE_ADD(NOW(), INTERVAL 47 DAY), '2026-05-06'),
(84, 24, 'Rasam Rice', 55, DATE_ADD(NOW(), INTERVAL 57 DAY), '2026-05-06'),
(85, 25, 'Egg Curry', 189, DATE_ADD(NOW(), INTERVAL 34 DAY), '2026-05-06'),
(86, 26, 'Chicken Biryani', 167, DATE_ADD(NOW(), INTERVAL 11 DAY), '2026-05-06'),
(87, 27, 'Mutton Korma', 113, DATE_ADD(NOW(), INTERVAL 31 DAY), '2026-05-06'),
(88, 28, 'Fish Curry', 167, DATE_ADD(NOW(), INTERVAL 36 DAY), '2026-05-06'),
(89, 29, 'Paneer Butter Masala', 150, DATE_ADD(NOW(), INTERVAL 23 DAY), '2026-05-06'),
(90, 30, 'Shahi Paneer', 156, DATE_ADD(NOW(), INTERVAL 7 DAY), '2026-05-06'),
(91, 31, 'Malai Kofta', 189, DATE_ADD(NOW(), INTERVAL 53 DAY), '2026-05-06'),
(92, 32, 'Navratan Korma', 44, DATE_ADD(NOW(), INTERVAL 50 DAY), '2026-05-06'),
(93, 33, 'Dal Tadka', 241, DATE_ADD(NOW(), INTERVAL 41 DAY), '2026-05-06'),
(94, 34, 'Yellow Dal', 207, DATE_ADD(NOW(), INTERVAL 24 DAY), '2026-05-06'),
(95, 35, 'Masoor Dal', 211, DATE_ADD(NOW(), INTERVAL 48 DAY), '2026-05-06'),
(96, NULL, 'Moong Dal', 102, DATE_ADD(NOW(), INTERVAL 14 DAY), '2026-05-06'),
(97, NULL, 'Chana Dal', 90, DATE_ADD(NOW(), INTERVAL 34 DAY), '2026-05-06'),
(98, NULL, 'Arhar Dal', 55, DATE_ADD(NOW(), INTERVAL 36 DAY), '2026-05-06'),
(99, NULL, 'Sambar Rice', 15, DATE_ADD(NOW(), INTERVAL 53 DAY), '2026-05-06'),
(100, NULL, 'Coconut Rice', 239, DATE_ADD(NOW(), INTERVAL 53 DAY), '2026-05-06');

-- 75 PICKUPS (donations 1-75, volunteers 1-75)
-- Volunteers 76-100 have NO pickup → Q12 satisfied
INSERT INTO Pickup (donation_id, volunteer_id) VALUES
(1, 1),
(2, 2),
(3, 3),
(4, 4),
(5, 5),
(6, 6),
(7, 7),
(8, 8),
(9, 9),
(10, 10),
(11, 11),
(12, 12),
(13, 13),
(14, 14),
(15, 15),
(16, 16),
(17, 17),
(18, 18),
(19, 19),
(20, 20),
(21, 21),
(22, 22),
(23, 23),
(24, 24),
(25, 25),
(26, 26),
(27, 27),
(28, 28),
(29, 29),
(30, 30),
(31, 31),
(32, 32),
(33, 33),
(34, 34),
(35, 35),
(36, 36),
(37, 37),
(38, 38),
(39, 39),
(40, 40),
(41, 41),
(42, 42),
(43, 43),
(44, 44),
(45, 45),
(46, 46),
(47, 47),
(48, 48),
(49, 49),
(50, 50),
(51, 51),
(52, 52),
(53, 53),
(54, 54),
(55, 55),
(56, 56),
(57, 57),
(58, 58),
(59, 59),
(60, 60),
(61, 61),
(62, 62),
(63, 63),
(64, 64),
(65, 65),
(66, 66),
(67, 67),
(68, 68),
(69, 69),
(70, 70),
(71, 71),
(72, 72),
(73, 73),
(74, 74),
(75, 75);

-- 60 DISTRIBUTIONS (donations 1-60, NGOs 1-60)
-- NGOs 61-100 have NO distribution → Q13 satisfied
-- All people_served 15-150 (all > 10) → Q21 satisfied
INSERT INTO Distribution (donation_id, ngo_id, people_served) VALUES
(1, 1, 82),
(2, 2, 143),
(3, 3, 60),
(4, 4, 144),
(5, 5, 42),
(6, 6, 91),
(7, 7, 144),
(8, 8, 65),
(9, 9, 54),
(10, 10, 110),
(11, 11, 56),
(12, 12, 150),
(13, 13, 15),
(14, 14, 97),
(15, 15, 140),
(16, 16, 19),
(17, 17, 43),
(18, 18, 107),
(19, 19, 93),
(20, 20, 76),
(21, 21, 29),
(22, 22, 76),
(23, 23, 35),
(24, 24, 36),
(25, 25, 139),
(26, 26, 32),
(27, 27, 47),
(28, 28, 47),
(29, 29, 136),
(30, 30, 57),
(31, 31, 82),
(32, 32, 150),
(33, 33, 123),
(34, 34, 69),
(35, 35, 66),
(36, 36, 94),
(37, 37, 117),
(38, 38, 110),
(39, 39, 127),
(40, 40, 147),
(41, 41, 130),
(42, 42, 45),
(43, 43, 78),
(44, 44, 72),
(45, 45, 31),
(46, 46, 101),
(47, 47, 20),
(48, 48, 73),
(49, 49, 71),
(50, 50, 16),
(51, 51, 33),
(52, 52, 30),
(53, 53, 73),
(54, 54, 32),
(55, 55, 23),
(56, 56, 99),
(57, 57, 33),
(58, 58, 146),
(59, 59, 75),
(60, 60, 86);

-- VERIFY TABLE COUNTS:
SELECT 'Donor'          AS Table_Name, COUNT(*) AS Total FROM Donor
UNION ALL SELECT 'NGO',           COUNT(*) FROM NGO
UNION ALL SELECT 'Volunteer',     COUNT(*) FROM Volunteer
UNION ALL SELECT 'Food_Donation', COUNT(*) FROM Food_Donation
UNION ALL SELECT 'Pickup',        COUNT(*) FROM Pickup
UNION ALL SELECT 'Distribution',  COUNT(*) FROM Distribution;

-- STATUS BREAKDOWN:
SELECT status, COUNT(*) AS Count FROM Food_Donation GROUP BY status;